"","Name","Min","1st Quartile","Median","Mean","3rd Quartile","Max"
"1","TOTEXP","0.0000","2636.4357","7672.6968","18587.3595","19529.4682","564787.3303"
"2","TOTSLF","0.00000","199.42559","712.45168","1868.50792","1878.33642","151116.44852"
"3","AGE_YE","20.000000","61.000000","70.000000","68.710904","78.000000","85.000000"
"4","EDUCYR","0.000000","12.000000","14.000000","13.507891","16.000000","17.000000"
"5","POVLEV","0.00000","137.09500","291.80500","412.00377","560.49750","3420.22000"
"6","IPDIS","0.00000000","0.00000000","0.00000000","0.21664275","0.00000000","8.00000000"
"7","OBTOTV","0.000000","4.000000","9.000000","14.147059","18.000000","172.000000"
"8","RXTOT","0.000000","5.250000","15.000000","23.934003","32.000000","250.000000"
